id;product_id;rank;title
6555;4724;1;
6556;4724;2;
6557;4725;1;
6558;4725;2;
6559;4726;1;
6560;4726;2;
6561;4727;1;
6562;4727;2;
6563;4728;1;
6568;4729;1;
6569;4729;2;
6570;4730;1;
6571;4730;2;
6572;4731;1;
6573;4731;2;
6574;4731;3;
6575;4732;1;
6576;4732;2;
6577;4732;3;
6587;4735;NULL_VALUE;
6588;4735;NULL_VALUE;
6591;4737;NULL_VALUE;
6592;4737;NULL_VALUE;
6593;4737;NULL_VALUE;
6594;4738;1;
6595;4738;2;
6596;4738;3;
6612;4749;1;
6613;4749;2;
6614;4750;NULL_VALUE;
6615;4750;NULL_VALUE;
6616;4751;1;
6618;4751;NULL_VALUE;
6619;4752;1;
6620;4752;2;
6621;4753;1;
6622;4753;2;
6634;4755;2;
6636;4755;3;
6637;4755;4;
6638;4755;5;
6639;4755;6;
6640;4755;1;
6672;4772;NULL_VALUE;
6673;4772;NULL_VALUE;
6674;4773;1;
6675;4773;2;
6676;4774;1;
6677;4774;3;
6678;4774;2;
6679;4775;1;
6680;4775;3;
6681;4775;2;
6682;4776;1;
6683;4776;3;
6684;4776;2;
6685;4777;1;
6687;4777;3;
6712;4790;NULL_VALUE;
6713;4790;NULL_VALUE;
6714;4791;NULL_VALUE;
6715;4791;NULL_VALUE;
6716;4792;1;
6717;4792;2;
6718;4793;1;
6720;4794;1;
6721;4794;2;
6731;4799;NULL_VALUE;
6732;4799;NULL_VALUE;
6738;4802;NULL_VALUE;
6740;4803;NULL_VALUE;
6744;4740;1;
6746;4740;3;
6747;4740;2;
6769;4881;1;
6770;4881;3;
6771;4820;NULL_VALUE;
6772;4820;NULL_VALUE;
6773;4821;NULL_VALUE;
6774;4821;NULL_VALUE;
6775;4814;NULL_VALUE;
6776;4814;NULL_VALUE;
6781;4832;NULL_VALUE;
6782;4832;NULL_VALUE;
6783;4833;NULL_VALUE;
6784;4833;NULL_VALUE;
6785;4834;NULL_VALUE;
6786;4834;NULL_VALUE;
6788;4835;2;
6789;4831;NULL_VALUE;
6790;4831;NULL_VALUE;
6791;4831;NULL_VALUE;
6793;4871;2;
6808;4819;NULL_VALUE;
6809;4819;NULL_VALUE;
6810;4829;NULL_VALUE;
6811;4829;NULL_VALUE;
6813;4826;2;
6814;4827;NULL_VALUE;
6815;4827;NULL_VALUE;
6816;4828;NULL_VALUE;
6817;4828;NULL_VALUE;
6818;4822;NULL_VALUE;
6819;4822;NULL_VALUE;
6821;4825;2;
6822;4813;NULL_VALUE;
6823;4813;NULL_VALUE;
6824;4818;NULL_VALUE;
6825;4818;NULL_VALUE;
6827;4817;2;
6828;4816;NULL_VALUE;
6829;4816;NULL_VALUE;
6830;4816;NULL_VALUE;
6831;4878;NULL_VALUE;
6832;4878;NULL_VALUE;
6833;4878;NULL_VALUE;
6834;4878;NULL_VALUE;
6835;4881;2;
6836;4881;4;
6837;4879;NULL_VALUE;
6838;4879;NULL_VALUE;
6839;4879;NULL_VALUE;
6840;4879;NULL_VALUE;
6841;4880;NULL_VALUE;
6842;4880;NULL_VALUE;
6843;4880;NULL_VALUE;
6844;4880;NULL_VALUE;
6845;4886;NULL_VALUE;
6846;4886;NULL_VALUE;
6847;4886;NULL_VALUE;
6848;4886;NULL_VALUE;
6849;4887;1;
6850;4887;2;
6851;4887;4;
6852;4887;3;
6857;4888;1;
6858;4888;2;
6859;4888;3;
6860;4888;4;
6861;4889;NULL_VALUE;
6862;4889;NULL_VALUE;
6863;4889;NULL_VALUE;
6864;4889;NULL_VALUE;
6865;4882;NULL_VALUE;
6866;4882;NULL_VALUE;
6867;4882;NULL_VALUE;
6868;4882;NULL_VALUE;
6869;4883;NULL_VALUE;
6870;4883;NULL_VALUE;
6871;4883;NULL_VALUE;
6872;4883;NULL_VALUE;
6873;4884;NULL_VALUE;
6874;4884;NULL_VALUE;
6875;4884;NULL_VALUE;
6876;4884;NULL_VALUE;
6877;4885;NULL_VALUE;
6878;4885;NULL_VALUE;
6879;4885;NULL_VALUE;
6880;4885;NULL_VALUE;
6881;4875;NULL_VALUE;
6882;4875;NULL_VALUE;
6883;4874;NULL_VALUE;
6884;4874;NULL_VALUE;
6886;4873;NULL_VALUE;
6887;4877;NULL_VALUE;
6888;4877;NULL_VALUE;
6889;4876;NULL_VALUE;
6890;4876;NULL_VALUE;
6891;4843;NULL_VALUE;
6892;4843;NULL_VALUE;
6893;4842;NULL_VALUE;
6894;4842;NULL_VALUE;
6895;4842;NULL_VALUE;
6900;4845;2;
6902;4846;2;
6903;4840;NULL_VALUE;
6904;4840;NULL_VALUE;
6906;4838;2;
6907;4838;3;
6908;4838;4;
6909;4838;5;
6911;4841;4;
6912;4841;2;
6913;4839;NULL_VALUE;
6914;4839;NULL_VALUE;
6915;4839;NULL_VALUE;
6916;4839;NULL_VALUE;
6917;4839;NULL_VALUE;
6918;4839;NULL_VALUE;
6968;4890;NULL_VALUE;
6969;4890;NULL_VALUE;
6970;4892;NULL_VALUE;
6971;4892;NULL_VALUE;
6972;4891;NULL_VALUE;
6973;4891;NULL_VALUE;
6974;4894;NULL_VALUE;
6975;4893;NULL_VALUE;
6976;4830;NULL_VALUE;
6983;4840;NULL_VALUE;
6994;4920;NULL_VALUE;
6995;4920;NULL_VALUE;
6996;4921;NULL_VALUE;
6997;4921;NULL_VALUE;
6998;4922;NULL_VALUE;
6999;4922;NULL_VALUE;
7000;4843;NULL_VALUE;
7002;4923;1;
7003;4923;2;
7004;4900;1;
7005;4900;2;
7006;4900;3;
7007;4901;1;
7008;4901;2;
7009;4901;3;
7010;4902;1;
7011;4902;2;
7012;4902;3;
7013;4903;NULL_VALUE;
7014;4903;NULL_VALUE;
7015;4903;NULL_VALUE;
7016;4905;NULL_VALUE;
7017;4905;NULL_VALUE;
7018;4905;NULL_VALUE;
7019;4904;NULL_VALUE;
7020;4904;NULL_VALUE;
7021;4904;NULL_VALUE;
7022;4926;NULL_VALUE;
7023;4926;NULL_VALUE;
7024;4926;NULL_VALUE;
7025;4926;NULL_VALUE;
7026;4926;NULL_VALUE;
7028;4919;NULL_VALUE;
7029;4924;NULL_VALUE;
7030;4924;NULL_VALUE;
7031;4925;NULL_VALUE;
7032;4925;NULL_VALUE;
7033;4916;NULL_VALUE;
7034;4916;NULL_VALUE;
7035;4916;NULL_VALUE;
7036;4917;NULL_VALUE;
7037;4917;NULL_VALUE;
7038;4917;NULL_VALUE;
7084;4908;3;
7085;4910;NULL_VALUE;
7086;4910;NULL_VALUE;
7087;4907;1;
7090;4909;NULL_VALUE;
7091;4909;NULL_VALUE;
7092;4906;NULL_VALUE;
7093;4906;NULL_VALUE;
7094;4898;NULL_VALUE;
7095;4898;NULL_VALUE;
7096;4898;NULL_VALUE;
7097;4898;NULL_VALUE;
7098;4899;NULL_VALUE;
7099;4899;NULL_VALUE;
7100;4895;NULL_VALUE;
7101;4895;NULL_VALUE;
7102;4896;1;
7104;4897;NULL_VALUE;
7105;4897;NULL_VALUE;
7106;4897;NULL_VALUE;
7125;4963;1;
7126;4963;2;
7127;4963;3;
7128;4950;1;
7129;4950;2;
7130;4946;1;
7131;4946;3;
7132;4945;1;
7133;4945;3;
7134;4948;1;
7135;4948;3;
7136;4949;1;
7137;4949;2;
7138;4951;1;
7139;4951;2;
7140;4947;1;
7141;4947;3;
7142;4944;NULL_VALUE;
7143;4944;NULL_VALUE;
7144;4944;NULL_VALUE;
7145;4944;NULL_VALUE;
7146;4954;1;
7147;4954;2;
7148;4954;3;
7149;4953;1;
7150;4953;2;
7151;4953;3;
7152;4960;NULL_VALUE;
7153;4960;NULL_VALUE;
7154;4960;NULL_VALUE;
7155;4959;NULL_VALUE;
7156;4959;NULL_VALUE;
7157;4959;NULL_VALUE;
7158;4961;NULL_VALUE;
7159;4961;NULL_VALUE;
7160;4961;NULL_VALUE;
7161;4961;NULL_VALUE;
7162;4962;NULL_VALUE;
7163;4962;NULL_VALUE;
7164;4962;NULL_VALUE;
7165;4957;1;
7166;4957;2;
7167;4957;3;
7168;4956;1;
7170;4956;3;
7171;4955;1;
7172;4955;2;
7173;4955;3;
7174;4958;1;
7175;4958;2;
7176;4958;3;
7177;4952;NULL_VALUE;
7178;4952;NULL_VALUE;
7179;4952;NULL_VALUE;
7180;4952;NULL_VALUE;
7181;4952;NULL_VALUE;
7182;4952;NULL_VALUE;
7183;4952;NULL_VALUE;
7198;4985;NULL_VALUE;
7199;4984;NULL_VALUE;
7200;4982;NULL_VALUE;
7201;4983;NULL_VALUE;
7202;4993;NULL_VALUE;
7203;4993;NULL_VALUE;
7204;4994;NULL_VALUE;
7205;4994;NULL_VALUE;
7206;4992;NULL_VALUE;
7207;4992;NULL_VALUE;
7208;4990;NULL_VALUE;
7209;4990;NULL_VALUE;
7210;4991;NULL_VALUE;
7211;4991;NULL_VALUE;
7212;4988;2;
7213;4988;1;
7214;4989;NULL_VALUE;
7215;4989;NULL_VALUE;
7216;4987;NULL_VALUE;
7217;4986;NULL_VALUE;
7236;4997;NULL_VALUE;
7237;4997;NULL_VALUE;
7238;4997;NULL_VALUE;
7345;4911;1;
7346;4911;2;
7347;4912;1;
7348;4912;2;
7349;4913;1;
7350;4913;2;
7351;4953;4;
7352;4954;4;
7353;4955;4;
7354;4956;4;
7355;4957;4;
7356;4945;2;
7357;4946;2;
7358;4947;2;
7359;4948;2;
7462;5137;1;
7463;5137;2;
7467;5136;1;
7468;5136;2;
7629;4997;NULL_VALUE;
7661;5165;1;
7662;5165;2;
7715;5200;NULL_VALUE;
7723;5204;NULL_VALUE;
7735;5207;1;
7736;5207;2;
7737;5208;1;
7738;5208;2;
7739;4728;2;
7740;4965;NULL_VALUE;
7741;4966;NULL_VALUE;
7743;4968;NULL_VALUE;
7744;4969;NULL_VALUE;
7745;4970;NULL_VALUE;
7746;4971;NULL_VALUE;
7747;4972;NULL_VALUE;
7748;4973;NULL_VALUE;
7749;4974;NULL_VALUE;
7750;4975;NULL_VALUE;
7751;4976;NULL_VALUE;
7752;5209;NULL_VALUE;
7753;5210;NULL_VALUE;
7770;5206;2;
7771;5206;3;
7949;5206;1;
7950;5233;1;
7951;5233;2;
7956;5236;1;
7957;5236;2;
7959;4736;2;
7960;5237;1;
7961;5237;2;
8034;5278;2;
8035;5278;3;
8036;5279;NULL_VALUE;
8037;5280;1;
8038;5280;2;
8039;5281;1;
8040;5281;2;
8052;5286;1;
8053;5286;2;
8060;4907;2;
8062;5289;2;
8063;5289;1;
8065;4908;1;
8139;5290;1;
8140;5290;2;
8143;5291;2;
8144;5291;1;
8149;5294;1;
8150;5294;2;
8225;4793;2;
8226;4712;2;
8233;5316;1;
8234;5316;2;
8235;5317;1;
8236;5317;2;
8242;4734;2;
8243;4734;3;
8259;5318;1;
8260;5318;2;
8261;5318;3;
8269;5319;2;
8271;5319;4;
8272;5319;1;
8273;5319;3;
8275;5320;2;
8280;5320;1;
8281;4841;3;
8293;5325;2;
8294;5325;1;
8297;5327;1;
8298;5327;2;
8371;5344;1;
8372;5345;1;
8373;5346;1;
8374;5346;2;
8378;5344;2;
8379;5345;2;
8416;5355;1;
8417;5355;2;
8418;5355;3;
8420;5356;1;
8427;4896;2;
8429;5359;2;
8430;5359;1;
8437;4849;2;
8438;4849;1;
8439;4850;1;
8440;4850;2;
8441;4851;1;
8442;4851;2;
8443;4852;1;
8444;4852;2;
8445;4853;1;
8446;4853;2;
8449;5056;2;
8462;5363;1;
8463;5363;2;
8464;5363;3;
8472;5366;NULL_VALUE;
8473;5367;1;
8475;5368;3;
8476;5368;2;
8477;5368;1;
8486;4789;1;
8491;4789;2;
8498;5371;NULL_VALUE;
8499;4767;3;
8503;5373;NULL_VALUE;
8526;5375;NULL_VALUE;
8527;5376;NULL_VALUE;
8530;4854;1;
8531;4854;2;
8541;4824;1;
8542;4824;2;
8544;5381;NULL_VALUE;
8569;5383;1;
8570;5383;2;
8575;5385;1;
8577;5386;1;
8578;5386;2;
8579;5385;2;
8582;4780;2;
8583;4780;1;
8584;4783;1;
8585;4783;2;
8586;4778;1;
8587;4778;2;
8588;4779;1;
8589;4779;2;
8590;4823;1;
8591;4823;2;
8592;4781;1;
8593;4781;2;
8595;4782;2;
8596;4782;1;
8598;4784;2;
8600;4786;2;
8602;4787;2;
8603;4788;1;
8604;4788;2;
8605;4785;1;
8606;4785;2;
8608;5347;2;
8609;5347;3;
8611;5347;1;
8612;5379;1;
8613;5379;2;
8614;4802;1;
8649;4769;2;
8650;4769;1;
8652;4768;2;
8654;4770;1;
8655;4770;2;
8657;4766;2;
8660;4764;2;
8662;4764;1;
8666;4762;2;
8671;5387;3;
8672;5387;2;
8673;5235;1;
8674;5235;2;
8676;5293;2;
8685;5388;1;
8686;5388;2;
8687;5389;1;
8688;5389;2;
8689;5390;1;
8690;5390;2;
8694;5391;1;
8695;5391;2;
8696;5391;3;
8697;4915;1;
8698;4915;2;
8699;4915;3;
8700;4914;1;
8701;4914;2;
8702;4914;3;
8704;4733;2;
8705;4733;1;
8782;5394;6;
8784;5409;1;
8785;5409;3;
8786;5410;1;
8787;5411;1;
8788;5412;1;
8790;5414;1;
8791;5414;3;
8792;5414;4;
8793;5410;2;
8794;5411;2;
8795;5409;2;
8796;5412;2;
8797;5414;2;
8798;5415;1;
8799;5415;2;
8800;5415;3;
8801;5416;1;
8802;5416;2;
8803;5416;3;
8804;5417;1;
8805;5417;2;
8806;5417;3;
8807;5418;1;
8808;5418;2;
8810;5419;1;
8811;5419;2;
8812;5419;3;
8813;5419;4;
8814;5420;1;
8815;5420;2;
8816;5420;3;
8818;5421;2;
8819;5421;3;
8820;5421;1;
8821;5422;1;
8822;5422;2;
8825;4763;2;
8836;4797;2;
8838;5321;1;
8839;5321;2;
8846;5299;2;
8847;5300;1;
8848;5300;2;
8852;4748;2;
8859;5428;1;
8860;5428;2;
8864;5429;2;
8866;5430;2;
8868;5431;2;
8870;5432;2;
8872;5433;2;
8873;5430;1;
8874;5431;1;
8875;5433;1;
8876;5429;1;
8877;5432;1;
8892;4795;2;
8894;4795;1;
8901;5434;4;
8905;5434;2;
8906;5434;3;
8907;5434;1;
8908;5434;5;
8909;5435;1;
8910;5435;2;
8911;5435;3;
8919;4798;1;
8920;4798;2;
8921;4798;3;
8922;5418;3;
8931;5439;2;
8933;5440;1;
8934;5440;2;
8935;5440;3;
8938;5164;1;
8939;5164;2;
8943;5309;2;
8963;5307;2;
8965;5308;2;
9016;4836;1;
9017;4836;2;
9018;4837;1;
9019;4837;2;
9023;5452;1;
9024;4771;1;
9027;5445;1;
9028;5445;2;
9029;5445;3;
9030;5448;1;
9031;5448;2;
9032;5448;3;
9033;5449;1;
9034;5449;2;
9035;5449;3;
9036;5220;1;
9037;5220;2;
9038;5220;3;
9039;4811;1;
9040;4811;2;
9041;4811;3;
9042;5446;1;
9043;5446;2;
9044;5446;3;
9045;5219;1;
9046;5219;2;
9047;5219;3;
9048;4809;1;
9049;4809;2;
9050;4809;3;
9051;5447;1;
9052;5447;2;
9053;5447;3;
9054;5214;1;
9055;5214;2;
9056;5214;3;
9057;5454;1;
9058;5454;2;
9059;5454;3;
9060;4805;1;
9061;4805;2;
9062;4805;3;
9063;5455;1;
9064;5455;2;
9065;5455;3;
9066;5216;1;
9067;5216;2;
9068;5216;3;
9075;4807;2;
9076;4807;3;
9077;5215;1;
9078;5215;2;
9079;5215;3;
9080;4806;1;
9081;4806;2;
9082;4806;3;
9083;5218;1;
9084;5218;2;
9085;5218;3;
9087;4810;2;
9088;4810;3;
9089;5444;1;
9090;5444;2;
9091;5444;3;
9092;5217;1;
9093;5217;2;
9094;5217;3;
9096;4808;2;
9097;4808;3;
9098;5443;1;
9099;5443;2;
9100;5443;3;
9101;5213;1;
9102;5213;2;
9103;5213;3;
9105;4804;2;
9106;4804;3;
9107;4812;1;
9108;4812;2;
9109;4812;3;
9110;4812;4;
9111;4812;5;
9112;5450;1;
9113;5450;2;
9114;5450;3;
9116;4784;1;
9120;5205;2;
9122;5457;2;
9123;5205;1;
9124;5457;1;
9134;5287;1;
9135;5287;2;
9136;5287;3;
9137;5459;1;
9138;5459;2;
9139;5461;1;
9140;5461;2;
9155;4801;2;
9169;5463;2;
9170;5463;1;
9171;5387;1;
9174;4742;4;
9184;5300;3;
9185;5299;3;
9186;4743;1;
9187;4743;2;
9191;4743;3;
9192;5465;1;
9194;5465;4;
9195;5464;3;
9196;5465;2;
9197;5465;3;
9202;5204;1;
9209;4817;1;
9223;4736;1;
9226;4762;1;
9228;4766;1;
9230;4801;1;
9231;4803;1;
9232;4804;1;
9233;4807;1;
9234;4808;1;
9235;4838;1;
9236;4841;1;
9238;4873;1;
9241;4712;3;
9242;5470;NULL_VALUE;
9255;4797;1;
9257;4763;1;
9258;4787;1;
9259;4786;1;
9260;5471;1;
9261;5471;2;
9262;5427;1;
9263;5427;2;
9264;5462;1;
9265;5462;2;
9266;4771;2;
9267;4771;3;
9268;5452;2;
9269;5452;3;
9274;5293;1;
9281;4741;1;
9282;4741;2;
9283;5299;1;
9284;4742;1;
9286;4844;2;
9287;4844;1;
9290;4796;2;
9293;4979;1;
9294;4979;2;
9295;4981;1;
9296;4981;2;
9297;4977;1;
9298;4977;2;
9299;4978;1;
9300;4978;2;
9301;4980;1;
9302;4980;2;
9304;5348;2;
9306;5348;1;
9307;4825;1;
9322;5282;2;
9324;5166;2;
9325;5166;1;
9327;4846;1;
9328;4845;1;
9329;4835;1;
9330;4826;1;
9332;5309;1;
9339;5307;1;
9340;5308;1;
9342;5135;1;
9343;5135;2;
9346;4712;1;
9347;4810;1;
9348;4734;1;
9349;4768;1;
9352;4767;2;
9353;4796;1;
9361;5474;1;
9364;5475;1;
9369;5475;2;
9370;5475;3;
9371;5474;2;
9373;4747;2;
9379;4800;1;
9380;4800;3;
9381;4800;2;
9382;5439;1;
9383;5477;1;
9384;5477;2;
9386;5478;2;
9387;5478;1;
9389;4871;1;
9393;5479;1;
9394;5479;2;
9395;5480;NULL_VALUE;
9396;4748;1;
9398;4967;NULL_VALUE;
9406;4747;1;
9407;5367;2;
9411;5484;1;
9414;5484;2;
9415;5456;1;
9416;5456;2;
9417;5485;1;
9418;5485;2;
9419;5485;3;
9426;5487;2;
9427;5487;1;
9429;5488;2;
9430;5488;1;
9431;5489;1;
9432;5489;2;
9448;5490;2;
9449;5490;3;
9450;5490;4;
9452;5490;1;
9453;5491;1;
9454;5491;2;
9461;4739;2;
9462;4739;1;
9463;5493;1;
9464;5493;2;
9513;5221;1;
9514;5221;2;
9515;5221;3;
9516;4927;1;
9517;4927;2;
9518;4927;3;
9519;4927;4;
9521;4928;1;
9522;4928;2;
9523;4928;3;
9524;4928;4;
9525;4927;5;
9546;5464;1;
9578;5242;2;
9579;5242;3;
9580;5242;1;
9588;5510;1;
9589;5510;2;
9590;5326;1;
9591;5326;2;
9592;5076;1;
9593;5076;2;
9594;5076;3;
9595;5322;1;
9596;5322;2;
9597;5322;3;
9598;5511;1;
9599;5511;2;
9600;5176;1;
9601;5176;2;
9602;5175;1;
9603;5175;2;
9604;5175;3;
9606;5185;2;
9607;5185;1;
9608;5184;1;
9609;5184;2;
9611;5181;2;
9612;5181;1;
9614;5180;2;
9615;5180;1;
9616;5179;1;
9617;5179;2;
9618;5178;1;
9619;5178;2;
9622;5227;1;
9623;5227;2;
9624;5228;1;
9625;5228;2;
9626;5229;1;
9627;5229;2;
9628;5486;1;
9629;5486;2;
9630;5188;1;
9631;5188;2;
9632;5183;1;
9633;5183;2;
9634;5512;1;
9635;5512;2;
9636;5512;3;
9637;5513;1;
9638;5513;2;
9639;5182;1;
9640;5182;2;
9642;5186;2;
9644;5186;1;
9645;5187;1;
9646;5187;2;
9648;5230;2;
9649;5230;3;
9650;5230;4;
9651;5230;5;
9652;5230;1;
9654;5382;2;
9655;5382;3;
9656;5382;1;
9662;5105;1;
9663;5105;2;
9664;5197;1;
9665;5197;2;
9666;5514;1;
9667;5514;2;
9669;5194;1;
9670;5194;2;
9671;5196;1;
9672;5196;2;
9673;5195;1;
9674;5195;2;
9707;5273;NULL_VALUE;
9708;5278;1;
9709;5515;1;
9710;5515;2;
9717;5097;1;
9718;5097;2;
9719;5097;3;
9720;5352;1;
9721;5352;2;
9722;5352;3;
9723;5096;1;
9724;5096;2;
9725;5162;1;
9726;5162;2;
9727;5393;1;
9728;5393;2;
9729;5098;1;
9730;5098;2;
9731;5098;3;
9732;5351;1;
9733;5351;2;
9734;5351;3;
9736;5099;2;
9737;5099;3;
9738;5099;1;
9739;5095;1;
9740;5095;2;
9741;5095;3;
9742;5094;1;
9743;5094;2;
9744;5094;3;
9746;5516;2;
9748;5517;1;
9749;5517;2;
9750;5517;3;
9751;5518;1;
9752;5518;2;
9753;5518;3;
9754;5519;1;
9755;5519;2;
9756;5520;1;
9757;5520;2;
9758;5521;1;
9759;5521;2;
9760;5516;1;
9761;5522;1;
9762;5522;2;
9763;5523;1;
9764;5523;2;
9765;5507;1;
9766;5507;2;
9767;5508;1;
9768;5508;2;
9770;5437;2;
9771;5437;3;
9772;5437;4;
9773;5223;1;
9774;5223;2;
9775;5223;3;
9776;5224;1;
9777;5224;2;
9778;5224;3;
9779;5436;1;
9780;5436;2;
9781;5436;4;
9783;5436;3;
9784;5436;5;
9785;5436;6;
9790;5225;1;
9791;5225;2;
9792;5225;3;
9794;5222;3;
9795;5222;4;
9796;5222;1;
9797;5222;2;
9798;5226;1;
9799;5226;2;
9800;5226;3;
9801;5226;4;
9802;5226;5;
9803;5505;1;
9804;5505;2;
9805;5505;3;
9806;5506;1;
9807;5506;2;
9809;5506;3;
9810;5458;1;
9811;5458;2;
9812;5458;3;
9813;5458;4;
9815;4939;1;
9816;4939;2;
9817;4939;3;
9818;4940;1;
9819;4940;2;
9820;4940;3;
9821;4940;4;
9822;4941;1;
9823;4941;2;
9824;4941;3;
9825;5496;1;
9826;5496;2;
9827;4933;1;
9828;4933;2;
9829;4933;3;
9830;5500;1;
9831;5500;2;
9832;5500;3;
9833;4934;1;
9834;4934;2;
9835;4934;3;
9836;4934;4;
9837;4935;1;
9838;4935;2;
9839;4935;3;
9840;4935;4;
9841;4932;1;
9842;4932;2;
9843;4932;3;
9844;4942;1;
9845;4942;2;
9846;4942;3;
9847;4943;1;
9848;4943;2;
9849;4943;3;
9850;4936;1;
9851;4936;2;
9852;4936;3;
9853;4936;4;
9854;4931;1;
9855;4931;2;
9856;4931;3;
9857;4938;1;
9858;4938;2;
9859;4938;3;
9860;4937;1;
9861;4937;2;
9862;4937;3;
9863;5313;1;
9864;5313;2;
9865;5313;3;
9866;4930;1;
9867;4930;2;
9868;4930;3;
9869;4930;4;
9870;4930;5;
9871;4929;1;
9872;4929;2;
9873;4929;3;
9874;4929;4;
9875;4929;5;
9876;5524;1;
9877;5524;2;
9883;5525;1;
9884;5525;2;
9885;5437;1;
9886;4956;2;
9887;4760;1;
9888;4760;2;
9889;5492;1;
9890;5492;2;
9891;5492;3;
9892;5494;1;
9893;5494;2;
9894;4758;1;
9895;4758;2;
9896;4758;3;
9897;5374;1;
9898;5374;2;
9899;5374;3;
9900;5374;4;
9901;5312;1;
9902;5312;2;
9904;5312;3;
9905;4754;1;
9906;4754;2;
9907;4754;3;
9908;5211;1;
9909;5211;2;
9910;5211;3;
9911;4759;1;
9912;4759;2;
9913;4759;3;
9914;4757;1;
9915;4757;2;
9916;4756;1;
9917;4756;2;
9918;4756;3;
9919;5369;1;
9920;5369;2;
9921;5369;3;
9922;4777;2;
9924;5394;2;
9925;5394;3;
9926;5394;4;
9927;5394;5;
9929;5395;2;
9930;5395;3;
9931;5395;4;
9932;5395;5;
9933;5395;6;
9934;5526;1;
9935;5526;2;
9936;4742;2;
9937;4742;3;
9938;4848;1;
9939;4848;2;
9941;5199;1;
9942;5199;2;
9943;5200;1;
9944;5200;2;
9945;5203;1;
9946;5203;2;
9947;5198;1;
9948;5198;2;
9949;5201;1;
9950;5201;2;
9952;5202;2;
9953;5202;1;
9954;5243;NULL_VALUE;
9955;5244;NULL_VALUE;
9957;5269;NULL_VALUE;
9958;5245;NULL_VALUE;
9960;5246;NULL_VALUE;
9961;5527;1;
9962;5527;2;
9963;5527;3;
9964;5527;4;
9965;5247;NULL_VALUE;
9966;5422;3;
9967;5248;NULL_VALUE;
9968;5249;NULL_VALUE;
9970;5250;NULL_VALUE;
9972;5264;1;
9973;5264;2;
9974;5528;1;
9975;5528;2;
9976;5265;1;
9977;5265;2;
9978;5266;1;
9979;5266;2;
9980;5268;1;
9981;5268;2;
9982;5267;1;
9983;5267;2;
9984;5240;NULL_VALUE;
9985;5251;NULL_VALUE;
9986;5270;NULL_VALUE;
9988;5252;NULL_VALUE;
9989;5253;NULL_VALUE;
9990;5241;NULL_VALUE;
9991;5254;NULL_VALUE;
9992;5529;1;
9993;5529;2;
9994;5529;3;
9995;4746;1;
9996;4746;2;
9997;4746;3;
9998;5171;NULL_VALUE;
9999;5255;NULL_VALUE;
10000;5256;NULL_VALUE;
10001;5257;NULL_VALUE;
10002;5258;NULL_VALUE;
10003;5271;NULL_VALUE;
10004;5259;NULL_VALUE;
10005;5260;NULL_VALUE;
10006;5261;NULL_VALUE;
10007;5262;NULL_VALUE;
10008;5238;NULL_VALUE;
10009;5263;NULL_VALUE;
10010;5276;NULL_VALUE;
10011;5272;NULL_VALUE;
10012;5274;NULL_VALUE;
10013;5169;NULL_VALUE;
10014;5275;NULL_VALUE;
10015;5168;NULL_VALUE;
10016;5170;NULL_VALUE;
10018;5239;NULL_VALUE;
10019;5167;NULL_VALUE;
10020;5192;NULL_VALUE;
10021;5193;NULL_VALUE;
10024;5172;NULL_VALUE;
10025;5277;NULL_VALUE;
10026;5530;1;
10027;5530;2;
10028;5530;3;
10030;5080;2;
10032;4767;1;
10033;5384;1;
10034;5384;2;
10035;5160;1;
10036;5160;2;
10037;5161;1;
10038;5161;2;
10039;5161;3;
10040;5161;4;
10041;5342;1;
10042;5342;2;
10043;5342;3;
10045;5341;2;
10046;5341;1;
10049;5340;3;
10052;5340;1;
10053;5340;2;
10055;5159;1;
10056;5159;2;
10057;5159;3;
10059;5158;2;
10060;5158;3;
10061;5158;4;
10062;5158;1;
10063;5354;1;
10064;5354;2;
10065;5354;3;
10066;5358;1;
10067;5358;2;
10068;5358;3;
10070;5110;2;
10071;5110;1;
10073;5119;2;
10074;5119;3;
10075;5119;4;
10076;5119;1;
10077;5118;1;
10078;5118;2;
10079;5118;3;
10080;5118;4;
10081;5117;1;
10082;5117;2;
10083;5083;1;
10084;5083;2;
10086;5467;2;
10087;5467;3;
10089;5467;1;
10090;5082;1;
10091;5082;2;
10092;5084;1;
10093;5084;2;
10094;5084;3;
10095;5084;4;
10096;5082;3;
10097;5085;1;
10098;5085;2;
10099;5085;3;
10101;5364;1;
10102;5364;2;
10103;5364;3;
10104;5425;1;
10105;5425;2;
10106;5425;3;
10107;5425;4;
10108;5425;5;
10109;5357;1;
10110;5357;2;
10111;5357;3;
10112;5357;4;
10113;5086;1;
10114;5086;2;
10116;5362;2;
10117;5362;1;
10118;5116;1;
10119;5116;2;
10121;5115;1;
10122;5115;2;
10124;5113;2;
10125;5113;3;
10127;5113;1;
10128;5111;1;
10129;5111;2;
10130;5442;1;
10131;5442;2;
10132;5442;3;
10133;5442;4;
10134;5114;1;
10135;5114;2;
10136;5114;3;
10137;5114;4;
10139;5109;2;
10140;5109;3;
10141;5109;4;
10142;5109;1;
10143;5370;1;
10144;5370;2;
10145;5370;3;
10146;5107;1;
10147;5107;2;
10149;5107;3;
10150;5112;1;
10151;5112;2;
10152;5112;3;
10153;5350;1;
10154;5350;2;
10156;5108;2;
10157;5108;3;
10158;5108;1;
10163;5509;1;
10165;5509;3;
10166;5509;4;
10167;5509;2;
10168;5296;1;
10169;5296;2;
10170;5296;3;
10171;5296;4;
10176;5404;1;
10177;5404;2;
10178;5404;3;
10179;5404;4;
10180;5406;1;
10181;5406;2;
10182;5406;3;
10183;5407;1;
10184;5407;2;
10185;5407;3;
10186;5408;1;
10187;5408;2;
10188;5408;3;
10189;5349;1;
10190;5349;2;
10191;5405;1;
10192;5405;2;
10193;5405;3;
10194;5405;4;
10199;5360;1;
10200;5360;2;
10201;5360;3;
10202;5360;4;
10203;5106;1;
10204;5106;2;
10205;5106;3;
10206;5106;4;
10207;5212;1;
10208;5212;2;
10209;5212;3;
10210;5212;4;
10211;5212;5;
10212;5134;1;
10213;5134;2;
10214;5133;1;
10215;5133;2;
10216;5310;1;
10217;5310;2;
10218;5128;1;
10219;5128;2;
10220;5129;1;
10221;5129;2;
10223;5473;2;
10224;5473;1;
10225;5472;1;
10226;5472;2;
10228;5531;2;
10229;5531;1;
10230;5310;3;
10231;5128;3;
10232;5129;3;
10234;5400;2;
10235;5400;3;
10236;5400;1;
10237;5401;1;
10238;5401;2;
10239;5401;3;
10240;5401;4;
10241;5402;1;
10242;5402;2;
10243;5402;3;
10244;5402;4;
10246;5398;2;
10247;5398;1;
10248;5399;1;
10249;5399;2;
10251;5403;2;
10252;5403;3;
10254;5403;1;
10255;5130;1;
10256;5130;2;
10257;5032;1;
10258;5032;2;
10259;5033;1;
10260;5033;2;
10261;5532;1;
10262;5532;2;
10263;5533;1;
10264;5533;2;
10265;5534;1;
10266;5534;2;
10267;5534;3;
10268;5534;4;
10269;5534;5;
10270;5030;1;
10271;5030;2;
10272;5031;1;
10273;5031;2;
10274;5298;2;
10275;5298;3;
10276;5035;1;
10277;5035;2;
10279;5034;2;
10280;5034;1;
10281;5295;1;
10282;5295;2;
10283;5036;1;
10284;5036;2;
10285;5036;3;
10286;5038;1;
10287;5038;2;
10288;5038;3;
10289;5037;1;
10290;5037;2;
10291;5037;3;
10292;5039;1;
10293;5039;2;
10294;5039;3;
10295;5535;1;
10296;5535;2;
10297;5535;3;
10298;5536;1;
10299;5536;2;
10300;5537;1;
10301;5537;2;
10302;5537;3;
10303;5481;1;
10304;5481;2;
10305;5481;3;
10306;5538;1;
10307;5538;2;
10308;5539;1;
10310;5476;2;
10311;5476;3;
10312;5476;1;
10314;5451;1;
10315;5451;2;
10316;5451;3;
10317;5451;4;
10319;5157;1;
10320;5157;2;
10323;5396;2;
10324;5396;3;
10325;5396;4;
10326;5147;1;
10327;5147;2;
10328;5147;3;
10329;5148;1;
10330;5148;2;
10331;5148;3;
10332;5149;1;
10333;5149;2;
10334;5149;3;
10335;5149;4;
10336;5151;1;
10337;5151;2;
10338;5151;3;
10339;5150;1;
10340;5150;2;
10341;5150;3;
10342;5146;1;
10343;5146;2;
10344;5146;3;
10345;5146;4;
10346;5156;1;
10347;5156;2;
10350;5155;2;
10352;5155;1;
10353;5156;3;
10354;5155;3;
10356;5154;2;
10357;5154;3;
10358;5154;1;
10359;5152;1;
10360;5152;2;
10361;5152;3;
10362;5353;1;
10363;5353;2;
10364;5153;1;
10365;5153;2;
10366;5153;3;
10371;5540;1;
10372;5540;2;
10373;5540;3;
10375;5474;3;
10376;5139;1;
10377;5139;2;
10378;5139;4;
10379;5143;1;
10380;5143;2;
10381;5138;1;
10382;5138;3;
10383;5138;4;
10384;5138;2;
10385;5139;3;
10386;5396;1;
10387;5394;1;
10388;5395;1;
10389;5120;1;
10390;5120;2;
10391;5120;3;
10392;5121;1;
10393;5121;2;
10394;5123;1;
10395;5123;2;
10396;5124;1;
10397;5124;2;
10398;5124;3;
10399;5126;1;
10400;5126;2;
10401;5126;3;
10402;5122;1;
10403;5122;2;
10404;5122;3;
10405;5127;1;
10406;5127;2;
10407;5125;1;
10408;5125;2;
10409;5125;3;
10410;5061;1;
10411;5061;2;
10412;5063;1;
10413;5063;2;
10414;5065;1;
10415;5065;2;
10416;5071;1;
10417;5071;2;
10418;5298;1;
10420;5453;2;
10421;5453;1;
10423;5059;2;
10424;5059;1;
10425;5060;1;
10426;5060;2;
10428;5056;1;
10429;5361;1;
10430;5361;2;
10431;5057;1;
10432;5057;2;
10433;5058;1;
10434;5058;2;
10435;5423;1;
10436;5423;2;
10437;5424;1;
10438;5424;2;
10439;5040;1;
10440;5040;2;
10441;5041;1;
10442;5041;2;
10444;5042;2;
10445;5042;1;
10446;5043;1;
10447;5043;2;
10448;5044;1;
10449;5044;2;
10450;5497;1;
10451;5497;2;
10452;5045;1;
10453;5045;2;
10454;5046;1;
10455;5046;2;
10456;5047;1;
10457;5047;2;
10458;5054;1;
10459;5054;2;
10460;5048;1;
10461;5048;2;
10462;5049;1;
10463;5049;2;
10464;5050;1;
10465;5050;2;
10466;5051;1;
10467;5051;2;
10468;5052;1;
10469;5052;2;
10470;5053;1;
10471;5053;2;
10472;5055;1;
10473;5055;2;
10474;5377;1;
10475;5377;2;
10476;5498;1;
10477;5498;2;
10478;5498;3;
10479;5092;1;
10480;5092;3;
10481;5092;4;
10482;5092;5;
10483;5092;2;
10484;5541;1;
10485;5541;2;
10486;5541;3;
10487;5542;1;
10488;5542;3;
10489;5542;2;
10490;5503;1;
10491;5503;2;
10492;5503;3;
10493;5503;4;
10494;5543;1;
10495;5544;1;
10496;5544;2;
10498;5543;2;
10499;5483;1;
10500;5483;2;
10501;5483;3;
10502;5483;4;
10503;5502;1;
10504;5502;2;
10505;5502;3;
10506;5502;4;
10507;5080;1;
10508;5080;3;
10509;5080;4;
10510;5189;1;
10511;5189;2;
10512;5189;3;
10513;5191;1;
10514;5191;2;
10515;5191;3;
10516;5079;1;
10517;5079;2;
10520;5301;1;
10521;5301;2;
10522;5302;1;
10523;5302;2;
10524;5102;1;
10525;5102;2;
10526;5103;1;
10527;5103;2;
10528;5315;1;
10529;5315;2;
10530;5311;1;
10531;5311;2;
10532;5499;1;
10533;5499;2;
10534;5303;1;
10535;5303;2;
10536;5304;1;
10537;5304;2;
10538;5305;1;
10539;5305;2;
10540;5306;1;
10541;5306;2;
10543;5466;2;
10544;5466;3;
10545;5466;4;
10547;5466;1;
10548;5081;1;
10549;5081;2;
10550;5081;3;
10551;5081;4;
10552;5081;5;
10553;5163;1;
10554;5163;2;
10555;5163;3;
10556;5163;4;
10557;5163;5;
10559;5495;2;
10560;5495;1;
10561;5438;1;
10562;5438;2;
10563;5438;3;
10564;5438;4;
10565;5545;1;
10566;5545;2;
10567;5546;1;
10568;5546;2;
10569;5546;3;
10570;5546;4;
10571;5547;1;
10573;5547;3;
10574;5547;4;
10575;5548;1;
10576;5548;2;
10577;5548;3;
10578;5548;4;
10579;5549;1;
10580;5549;2;
10581;5549;3;
10583;5378;2;
10584;5378;1;
10585;5078;1;
10586;5078;2;
10588;5343;2;
10589;5343;3;
10590;5343;1;
10591;5550;1;
10592;5550;2;
10594;5077;2;
10595;5077;1;
10596;5551;1;
10597;5551;2;
10598;5551;3;
10599;5552;1;
10600;5552;2;
10601;5482;1;
10602;5482;2;
10603;5482;3;
10604;5482;4;
10605;5024;1;
10606;5024;2;
10608;5314;2;
10609;5314;1;
10611;5336;2;
10612;5336;1;
10614;5020;2;
10615;5020;1;
10617;5019;2;
10618;5019;1;
10619;5553;1;
10620;5553;2;
10621;5016;1;
10622;5016;2;
10623;5015;1;
10624;5015;2;
10625;5017;1;
10626;5017;2;
10627;5018;1;
10628;5018;2;
10629;5231;1;
10630;5231;2;
10631;5554;1;
10632;5554;2;
10633;5554;3;
10634;5554;4;
10636;5331;2;
10637;5331;3;
10638;5331;1;
10639;5328;1;
10640;5328;2;
10641;5328;3;
10642;5332;1;
10643;5332;2;
10644;5332;3;
10645;5329;1;
10646;5329;2;
10647;5329;3;
10648;5330;1;
10649;5330;2;
10650;5330;3;
10651;5333;1;
10653;5333;3;
10654;5333;2;
10655;5555;1;
10656;5555;2;
10657;5555;3;
10659;4999;2;
10660;4999;3;
10661;4999;1;
10662;5007;1;
10663;5007;2;
10664;4998;1;
10665;4998;2;
10666;4998;3;
10667;4998;4;
10668;5504;1;
10669;5504;2;
10670;5504;3;
10671;5000;1;
10672;5000;2;
10673;5000;3;
10674;5001;1;
10675;5001;2;
10676;5001;3;
10677;5002;1;
10678;5002;2;
10679;5002;3;
10680;5003;1;
10681;5003;2;
10682;5003;3;
10683;5004;1;
10684;5004;2;
10685;5004;3;
10686;5005;1;
10687;5005;2;
10688;5005;3;
10689;5365;1;
10690;5365;2;
10692;5022;2;
10693;5022;1;
10694;5026;1;
10695;5026;2;
10696;5026;3;
10697;5023;1;
10698;5023;2;
10699;5023;3;
10700;5372;1;
10701;5372;2;
10702;5027;1;
10703;5027;2;
10704;5028;1;
10705;5028;2;
10706;5029;1;
10707;5029;2;
10708;5338;1;
10709;5338;2;
10710;5297;1;
10711;5297;2;
10713;5337;2;
10714;5337;1;
10716;5339;2;
10717;5339;1;
10719;5006;2;
10720;5006;3;
10721;5006;1;
10722;5547;2;
10723;5013;1;
10724;5013;2;
10725;5013;3;
10726;5014;1;
10727;5014;2;
10728;5014;3;
10729;5288;1;
10730;5288;2;
10731;5288;3;
10732;5008;1;
10733;5008;2;
10736;5008;3;
10737;5009;1;
10738;5009;2;
10739;5009;3;
10740;5011;1;
10741;5011;2;
10742;5011;3;
10743;5010;1;
10744;5010;2;
10745;5010;3;
10746;5012;1;
10747;5012;2;
10748;5012;3;
10749;5556;1;
10750;5556;2;
10752;5173;2;
10753;5173;1;
10754;4869;2;
10755;4869;1;
10756;4869;3;
10757;5174;1;
10758;5174;2;
10759;4856;1;
10760;4856;2;
10762;4864;2;
10763;4864;3;
10764;4864;1;
10766;4865;2;
10767;4865;3;
10769;4865;1;
10770;4866;1;
10771;4866;2;
10772;4866;3;
10773;4860;1;
10774;4860;2;
10776;4861;2;
10777;4861;1;
10778;4857;1;
10779;4857;2;
10781;4867;2;
10782;4867;3;
10783;4867;1;
10785;4868;2;
10786;4868;3;
10787;4868;1;
10788;4872;1;
10789;4872;2;
10790;4872;3;
10791;4858;1;
10792;4858;2;
10794;4855;2;
10795;4855;1;
10796;4859;1;
10797;4859;2;
10799;4870;2;
10800;4870;3;
10801;4870;1;
10802;4862;1;
10803;4862;2;
10804;4862;3;
10805;4863;1;
10806;4863;2;
10807;4863;3;
10809;4995;2;
10811;4995;1;
10813;4996;2;
10814;4996;1;
10816;5285;2;
10817;5285;1;
10818;5283;1;
10819;5283;2;
10821;5284;2;
10822;5284;1;
10823;5282;1;
10824;5557;1;
10825;5557;2;
10826;5557;3;
10827;5464;2;
10828;5558;1;
10829;5558;2;
10830;5559;1;
10831;5559;2;
10832;5559;3;
